{"cameraMode":{"drawMode":2,"name":"Shaded Wireframe","section":"Shading Mode"},"sceneLighting":true,"audioPlay":false,"sceneViewState":{"showFog":true,"showMaterialUpdate":false,"showSkybox":true,"showFlares":true,"showImageEffects":true,"showParticleSystems":true},"in2DMode":false,"pivot":{"x":55.60712432861328,"y":-32.30204772949219,"z":-3.8664627075195314},"rotation":{"x":0.03149241954088211,"y":0.012594231404364109,"z":-0.00039691798156127334,"w":0.9994245767593384},"size":16.700515747070314,"orthographic":false}