{"cameraMode":{"drawMode":0,"name":"Shaded","section":"Shading Mode"},"sceneLighting":false,"audioPlay":false,"sceneViewState":{"showFog":true,"showMaterialUpdate":true,"showSkybox":true,"showFlares":true,"showImageEffects":true,"showParticleSystems":true},"in2DMode":false,"pivot":{"x":44.399505615234378,"y":-37.44609451293945,"z":-1.1089223623275757},"rotation":{"x":0.0213023591786623,"y":-0.023089857771992685,"z":0.000492128892801702,"w":0.9995062947273254},"size":4.20982027053833,"orthographic":true}