{"cameraMode":{"drawMode":0,"name":"Shaded","section":"Shading Mode"},"sceneLighting":false,"audioPlay":false,"sceneViewState":{"showFog":true,"showMaterialUpdate":true,"showSkybox":true,"showFlares":true,"showImageEffects":true,"showParticleSystems":true},"in2DMode":false,"pivot":{"x":-0.6175856590270996,"y":1.2807838916778565,"z":0.3649759590625763},"rotation":{"x":0.16740816831588746,"y":-0.7085444927215576,"z":0.1792687028646469,"w":0.6616660356521606},"size":7.832489013671875,"orthographic":false}