{"cameraMode":{"drawMode":0,"name":"Shaded","section":"Shading Mode"},"sceneLighting":false,"audioPlay":false,"sceneViewState":{"showFog":true,"showMaterialUpdate":true,"showSkybox":true,"showFlares":true,"showImageEffects":true,"showParticleSystems":true},"in2DMode":false,"pivot":{"x":1.7011241912841797,"y":0.5146322250366211,"z":9.08297061920166},"rotation":{"x":0.13983841240406037,"y":-0.8260642290115356,"z":0.23424138128757478,"w":0.49314719438552859},"size":22.584457397460939,"orthographic":false}